id;festival;categoria;año;premiado_a;pelicula
0;Premios Razzie ; Peor dirección: ;2023; Machine Gun Kelly, Mod Sun ; Good Mourning 
1;Premios Razzie ; Peor dirección: ;2022; Christopher Ashley ; Lady Di: El musical 
2;Premios Razzie ; Peor dirección: ;2021; Sia ; Music 
3;Premios Razzie ; Peor dirección: ;2020; Tom Hooper ; Cats 
4;Premios Razzie ; Peor dirección: ;2019; Etan Cohen ; Holmes & Watson 
5;Premios Razzie ; Peor dirección: ;2018; Anthony Leondis ; Emoji: La película 
6;Premios Razzie ; Peor dirección: ;2017; Dinesh D'Souza, Bruce Schooley ; Hillary's America: The Secret History of the Democratic Party 
7;Premios Razzie ; Peor dirección: ;2016; Josh Trank ; Cuatro Fantásticos 
8;Premios Razzie ; Peor dirección: ;2015; Michael Bay ; Transformers: La era de la extinción 
9;Premios Razzie ; Peor dirección: ;2014; Todos los directores ; Movie 43 
10;Premios Razzie ; Peor dirección: ;2013; Bill Condon ; La saga Crepúsculo: Amanecer - Parte 2 
11;Premios Razzie ; Peor dirección: ;2012; Dennis Dugan ; Sígueme el rollo 
12;Premios Razzie ; Peor dirección: ;2011; Dennis Dugan ; Jack y su gemela (Jack y Jill) 
13;Premios Razzie ; Peor dirección: ;2010; M. Night Shyamalan ; Airbender, el último guerrero 
14;Premios Razzie ; Peor dirección: ;2009; Michael Bay ; Transformers: La venganza de los caídos 
15;Premios Razzie ; Peor dirección: ;2008; Uwe Boll ; Postal 
16;Premios Razzie ; Peor dirección: ;2007; Uwe Boll ; En el nombre del rey 
17;Premios Razzie ; Peor dirección: ;2006; Uwe Boll ; Tunnel Rats 
18;Premios Razzie ; Peor dirección: ;2005; Chris Sivertson ; Sé quién me mató 
19;Premios Razzie ; Peor dirección: ;2004; M. Night Shyamalan ; La joven del agua 
20;Premios Razzie ; Peor dirección: ;2003; John Asher ; Supersalidas 
21;Premios Razzie ; Peor dirección: ;2002; Pitof ; Catwoman 
22;Premios Razzie ; Peor dirección: ;2001; Martin Brest ; Una relación peligrosa (Gigli) 
23;Premios Razzie ; Peor dirección: ;2000; Guy Ritchie ; Barridos por la marea 
24;Premios Razzie ; Peor dirección: ;1999; Tom Green ; Freddy el colgao 
25;Premios Razzie ; Peor dirección: ;1998; Roger Christian ; Campo de batalla: La Tierra 
26;Premios Razzie ; Peor dirección: ;1997; Barry Sonnenfeld ; Wild Wild West 
27;Premios Razzie ; Peor dirección: ;1996; Gus Van Sant ; Psycho (Psicosis) 
28;Premios Razzie ; Peor dirección: ;1995; Kevin Costner ; Mensajero del futuro 
29;Premios Razzie ; Peor dirección: ;1994; Andrew Bergman ; Striptease 
30;Premios Razzie ; Peor dirección: ;1993; Paul Verhoeven ; Showgirls 
31;Premios Razzie ; Peor dirección: ;1992; Steven Seagal ; En tierra peligrosa 
32;Premios Razzie ; Peor dirección: ;1991; Jennifer Lynch ; Boxing Helena (Mi obsesión por Helena) 
33;Premios Razzie ; Peor dirección: ;1990; David Seltzer ; Resplandor en la oscuridad 
34;Premios Razzie ; Peor dirección: ;1989; Michael Lehmann ; El gran halcón 
35;Premios Razzie ; Peor dirección: ;1988; John Derek ; Los fantasmas no pueden... hacerlo 
36;Premios Razzie ; Peor dirección: ;1987; William Shatner ; Star Trek V. La última frontera 
37;Premios Razzie ; Peor dirección: ;1986; Stewart Raffill ; Mi amigo Mac 
38;Premios Razzie ; Peor dirección: ;1985; Blake Edwards ; Asesinato en Beverly Hills 
39;Premios Razzie ; Peor dirección: ;1984; Elaine May ; Ishtar 
40;Premios Razzie ; Peor dirección: ;1983; Norman Mailer ; Los hombres duros no bailan 
41;Premios Razzie ; Peor dirección: ;1982; Prince ; Under the Cherry Moon 
42;Premios Razzie ; Peor dirección: ;1981; Sylvester Stallone ; Rocky IV 
43;Premios Razzie ; Peor actor: ;2023; Jared Leto ; Morbius 
44;Premios Razzie ; Peor actor: ;2022; LeBron James ; Space Jam: Nuevas leyendas 
45;Premios Razzie ; Peor actor: ;2021; Mike Lindell ; Absolute Proof 
46;Premios Razzie ; Peor actor: ;2020; John Travolta ; Nacido para ganar 
47;Premios Razzie ; Peor actor: ;2019; John Travolta ; Fanático 
48;Premios Razzie ; Peor actor: ;2018; Donald Trump ; Fahrenheit 11/9 
49;Premios Razzie ; Peor actor: ;2017; Donald Trump ; Death of a Nation 
50;Premios Razzie ; Peor actor: ;2016; Tom Cruise ; La momia 
51;Premios Razzie ; Peor actor: ;2015; Dinesh D'Souza ; Hillary's America: The Secret History of the Democratic Party 
52;Premios Razzie ; Peor actor: ;2014; Jamie Dornan ; Cincuenta sombras de Grey 
53;Premios Razzie ; Peor actor: ;2013; Kirk Cameron ; Saving Christmas 
54;Premios Razzie ; Peor actor: ;2012; Jaden Smith ; After Earth 
55;Premios Razzie ; Peor actor: ;2011; Adam Sandler ; Desmadre de padre 
56;Premios Razzie ; Peor actor: ;2010; Adam Sandler ; Sígueme el rollo 
57;Premios Razzie ; Peor actor: ;2009; Adam Sandler ; Jack y su gemela (Jack y Jill) 
58;Premios Razzie ; Peor actor: ;2008; Ashton Kutcher ; Historias de San Valentín 
59;Premios Razzie ; Peor actor: ;2007; Ashton Kutcher ; Killers 
60;Premios Razzie ; Peor actor: ;2006; Kevin Jonas, Joe Jonas, Nick Jonas ; Jonas Brothers: The 3D Concert Experience 
61;Premios Razzie ; Peor actor: ;2005; Mike Myers ; El gurú del buen rollo (The Love Guru) 
62;Premios Razzie ; Peor actor: ;2004; Eddie Murphy ; Norbit 
63;Premios Razzie ; Peor actor: ;2003; Marlon Wayans, Shawn Wayans ; Pequeño pero matón 
64;Premios Razzie ; Peor actor: ;2002; Rob Schneider ; Deuce Bigalow: Gigoló europeo 
65;Premios Razzie ; Peor actor: ;2001; George W. Bush ; Fahrenheit 9/11 
66;Premios Razzie ; Peor actor: ;2000; Ben Affleck ; Paycheck 
67;Premios Razzie ; Peor actor: ;1999; Ben Affleck ; Una relación peligrosa (Gigli) 
68;Premios Razzie ; Peor actor: ;1998; Ben Affleck ; Daredevil 
69;Premios Razzie ; Peor actor: ;1997; Roberto Benigni, Breckin Meyer ; Pinocho 
70;Premios Razzie ; Peor actor: ;1996; Tom Green ; Freddy el colgao 
71;Premios Razzie ; Peor actor: ;1995; John Travolta ; Combinación ganadora 
72;Premios Razzie ; Peor actor: ;1994; John Travolta ; Campo de batalla: La Tierra 
73;Premios Razzie ; Peor actor: ;1993; Adam Sandler ; Un papá genial 
74;Premios Razzie ; Peor actor: ;1992; Bruce Willis ; Estado de sitio 
75;Premios Razzie ; Peor actor: ;1991; Bruce Willis ; Mercury Rising (Al rojo vivo) 
76;Premios Razzie ; Peor actor: ;1990; Bruce Willis ; Armageddon 
77;Premios Razzie ; Peor actor: ;1989; Kevin Costner ; Mensajero del futuro 
78;Premios Razzie ; Peor actor: ;1988; Pauly Shore ; Bio-Dome 
79;Premios Razzie ; Peor actor: ;1987; Tom Arnold ; La familia Stupid 
80;Premios Razzie ; Peor actor: ;1986; Tom Arnold ; Carpool, todos al coche 
81;Premios Razzie ; Peor actor: ;1985; Tom Arnold ; Mi querido enemigo 
82;Premios Razzie ; Peor actor: ;1984; Pauly Shore ; ¿Y dónde está el jurado? 
83;Premios Razzie ; Peor actor: ;1983; Kevin Costner ; Wyatt Earp 
84;Premios Razzie ; Peor actor: ;1982; Burt Reynolds ; Un policía y pico 
85;Premios Razzie ; Peor actor: ;1981; Sylvester Stallone ; ¡Alto! o mi madre dispara 
86;Premios Razzie ; Peor actriz: ;2023; Los Razzies por su error nominando en la categoría ; Lady Di: El musical 
87;Premios Razzie ; Peor actriz: ;2022; Jeanna de Waal ; Music 
88;Premios Razzie ; Peor actriz: ;2021; Kate Hudson ; The Haunting of Sharon Tate 
89;Premios Razzie ; Peor actriz: ;2020; Hilary Duff ; El alma de la fiesta 
90;Premios Razzie ; Peor actriz: ;2019; Melissa McCarthy ; ¿Quién está matando a los moñecos? 
91;Premios Razzie ; Peor actriz: ;2018; Melissa McCarthy ; Tyler Perry's Boo 2! A Madea Halloween 
92;Premios Razzie ; Peor actriz: ;2017; Tyler Perry ; Hillary's America: The Secret History of the Democratic Party 
93;Premios Razzie ; Peor actriz: ;2016; Rebekah Turner (como Hillary Clinton) ; Cincuenta sombras de Grey 
94;Premios Razzie ; Peor actriz: ;2015; Dakota Johnson ; Sex Tape. Algo pasa en la nube 
95;Premios Razzie ; Peor actriz: ;2014; Cameron Diaz ; No hay dos sin tres 
96;Premios Razzie ; Peor actriz: ;2013; Cameron Diaz ; A Madea Christmas (AKA Tyler Perry's A Madea Christmas) 
97;Premios Razzie ; Peor actriz: ;2012; Tyler Perry ; La saga Crepúsculo: Amanecer - Parte 2 
98;Premios Razzie ; Peor actriz: ;2011; Kristen Stewart ; Blancanieves y la leyenda del cazador 
99;Premios Razzie ; Peor actriz: ;2010; Kristen Stewart ; Jack y su gemela (Jack y Jill) 
100;Premios Razzie ; Peor actriz: ;2009;" Adam Sandler (personaje: ""Jill"") "; Sexo en Nueva York 2 
101;Premios Razzie ; Peor actriz: ;2008; Sarah Jessica Parker, Kim Cattrall, Kristin Davis, Cynthia Nixon ; Loca obsesión 
102;Premios Razzie ; Peor actriz: ;2007; Sandra Bullock ; La bella y la bestia 
103;Premios Razzie ; Peor actriz: ;2006; Paris Hilton ; Sé quién me mató 
104;Premios Razzie ; Peor actriz: ;2005; Lindsay Lohan ; Sé quién me mató 
105;Premios Razzie ; Peor actriz: ;2004; Lindsay Lohan ; Instinto Básico 2: adicción al riesgo 
106;Premios Razzie ; Peor actriz: ;2003; Sharon Stone ; Supersalidas 
107;Premios Razzie ; Peor actriz: ;2002; Jenny McCarthy ; Catwoman 
108;Premios Razzie ; Peor actriz: ;2001; Halle Berry ; Una relación peligrosa (Gigli) 
109;Premios Razzie ; Peor actriz: ;2000; Jennifer Lopez ; Barridos por la marea 
110;Premios Razzie ; Peor actriz: ;1999; Madonna ; Crossroads: Hasta el final 
111;Premios Razzie ; Peor actriz: ;1998; Britney Spears ; Glitter (Todo lo que brilla) 
112;Premios Razzie ; Peor actriz: ;1997; Mariah Carey ; Algo casi perfecto 
113;Premios Razzie ; Peor actriz: ;1996; Madonna ; El proyecto de la bruja de Blair 
114;Premios Razzie ; Peor actriz: ;1995; Heather Donahue ; Spiceworld. The Movie 
115;Premios Razzie ; Peor actriz: ;1994; Melanie Brown, Victoria Beckham, Melanie C, Geri Halliwell, Emma Bunton ; La teniente O'Neil 
116;Premios Razzie ; Peor actriz: ;1993; Demi Moore ; Striptease 
117;Premios Razzie ; Peor actriz: ;1992; Demi Moore ; Coacción a un jurado 
118;Premios Razzie ; Peor actriz: ;1991; Demi Moore ; Showgirls 
119;Premios Razzie ; Peor actriz: ;1990; Elizabeth Berkley ; El especialista 
120;Premios Razzie ; Peor actriz: ;1989; Sharon Stone ; Entre dos mujeres (Intersection) 
121;Premios Razzie ; Peor actriz: ;1988; Sharon Stone ; El cuerpo del delito 
122;Premios Razzie ; Peor actriz: ;1987; Madonna ; Una extraña entre nosotros 
123;Premios Razzie ; Peor actriz: ;1986; Melanie Griffith ; Resplandor en la oscuridad 
124;Premios Razzie ; Peor actriz: ;1985; Melanie Griffith ; Bésame antes de morir 
125;Premios Razzie ; Peor actriz: ;1984; Sean Young ; Los fantasmas no pueden... hacerlo 
126;Premios Razzie ; Peor actriz: ;1983; Bo Derek ; El regreso de la cosa del pantano 
127;Premios Razzie ; Peor actriz: ;1982; Heather Locklear ; Chicago en rojo 
128;Premios Razzie ; Peor actriz: ;1981; Liza Minnelli ; Arthur 2: On the Rocks 
129;Premios Razzie ; Peor actor secundario: ;2023; Tom Hanks ; Elvis 
130;Premios Razzie ; Peor actor secundario: ;2022; Jared Leto ; La casa Gucci 
131;Premios Razzie ; Peor actor secundario: ;2021; Rudy Giuliani ; Borat, película film secuela 
132;Premios Razzie ; Peor actor secundario: ;2020; James Corden ; Cats 
133;Premios Razzie ; Peor actor secundario: ;2019; John C. Reilly ; Holmes & Watson 
134;Premios Razzie ; Peor actor secundario: ;2018; Mel Gibson ; Dos padres por desigual 
135;Premios Razzie ; Peor actor secundario: ;2017; Jesse Eisenberg ; Batman v. Superman: El amanecer de la Justicia 
136;Premios Razzie ; Peor actor secundario: ;2016; Eddie Redmayne ; El destino de Júpiter 
137;Premios Razzie ; Peor actor secundario: ;2015; Kelsey Grammer ; Transformers: La era de la extinción 
138;Premios Razzie ; Peor actor secundario: ;2014; Kelsey Grammer ; Legends of Oz: Dorothy’s Return 
139;Premios Razzie ; Peor actor secundario: ;2013; Kelsey Grammer ; En qué piensan los hombres 2 
140;Premios Razzie ; Peor actor secundario: ;2012; Kelsey Grammer ; Los mercenarios 3 
141;Premios Razzie ; Peor actor secundario: ;2011; Will Smith ; After Earth 
142;Premios Razzie ; Peor actor secundario: ;2010; Taylor Lautner ; La saga Crepúsculo: Amanecer - Parte 2 
143;Premios Razzie ; Peor actor secundario: ;2009; Al Pacino ; Jack y su gemela (Jack y Jill) 
144;Premios Razzie ; Peor actor secundario: ;2008; Jackson Rathbone ; La saga Crepúsculo: Eclipse 
145;Premios Razzie ; Peor actor secundario: ;2007; Jackson Rathbone ; Airbender, el último guerrero 
146;Premios Razzie ; Peor actor secundario: ;2006; Billy Ray Cyrus ; Hannah Montana: La película 
147;Premios Razzie ; Peor actor secundario: ;2005; Pierce Brosnan ; Mamma Mia! La película 
148;Premios Razzie ; Peor actor secundario: ;2004; Eddie Murphy ; Norbit 
149;Premios Razzie ; Peor actor secundario: ;2003; M. Night Shyamalan ; La joven del agua 
150;Premios Razzie ; Peor actor secundario: ;2002; Hayden Christensen ; Star Wars. Episodio III: La venganza de los sith 
151;Premios Razzie ; Peor actor secundario: ;2001; Donald Rumsfeld ; Fahrenheit 9/11 
152;Premios Razzie ; Peor actor secundario: ;2000; Sylvester Stallone ; Spy Kids 3D: Game Over 
153;Premios Razzie ; Peor actor secundario: ;1999; Hayden Christensen ; Star Wars. Episodio II: El ataque de los clones 
154;Premios Razzie ; Peor actor secundario: ;1998; Charlton Heston ; Enredos de sociedad 
155;Premios Razzie ; Peor actor secundario: ;1997; Charlton Heston ; El planeta de los simios 
156;Premios Razzie ; Peor actor secundario: ;1996; Charlton Heston ; Como perros y gatos 
157;Premios Razzie ; Peor actor secundario: ;1995; Barry Pepper ; Campo de batalla: La Tierra 
158;Premios Razzie ; Peor actor secundario: ;1994; Ahmed Best  (como la voz de Jar-Jar Brinks) ; Star Wars. Episodio I: La amenaza fantasma 
159;Premios Razzie ; Peor actor secundario: ;1993; Joe Eszterhas  (como él mismo) ; ¡Arde Hollywood! 
160;Premios Razzie ; Peor actor secundario: ;1992; Dennis Rodman ; Double Team 
161;Premios Razzie ; Peor actor secundario: ;1991; Marlon Brando ; La isla del Dr. Moreau 
162;Premios Razzie ; Peor actor secundario: ;1990; Dennis Hopper ; Waterworld 
163;Premios Razzie ; Peor actor secundario: ;1989; O.J. Simpson ; Agárralo como puedas 33 1/3: El insulto final 
164;Premios Razzie ; Peor actor secundario: ;1988; Woody Harrelson ; Una proposición indecente 
165;Premios Razzie ; Peor actor secundario: ;1987; Tom Selleck ; Cristóbal Colón: El descubrimiento 
166;Premios Razzie ; Peor actor secundario: ;1986; Dan Aykroyd ; El gran lío 
167;Premios Razzie ; Peor actor secundario: ;1985; Donald Trump  (cameo) ; Los fantasmas no pueden... hacerlo 
168;Premios Razzie ; Peor actor secundario: ;1984; Christopher Atkins ; Escúchame 
169;Premios Razzie ; Peor actor secundario: ;1983; Dan Aykroyd ; El club de los chalados II 
170;Premios Razzie ; Peor actor secundario: ;1982; David Mendenhall ; Yo, el halcón 
171;Premios Razzie ; Peor actor secundario: ;1981; Jerome Benton ; Under the Cherry Moon 
172;Premios Razzie ; Peor actriz secundaria: ;2023; Adria Arjona ; Morbius 
173;Premios Razzie ; Peor actriz secundaria: ;2022; Judy Kaye ; Lady Di: El musical 
174;Premios Razzie ; Peor actriz secundaria: ;2021; Maddie Ziegler ; Music 
175;Premios Razzie ; Peor actriz secundaria: ;2020; Rebel Wilson ; Cats 
176;Premios Razzie ; Peor actriz secundaria: ;2019; Kellyanne Conway ; Fahrenheit 11/9 
177;Premios Razzie ; Peor actriz secundaria: ;2018; Kim Basinger ; Cincuenta sombras más oscuras 
178;Premios Razzie ; Peor actriz secundaria: ;2017; Kristen Wiig ; Zoolander No. 2 
179;Premios Razzie ; Peor actriz secundaria: ;2016; Kaley Cuoco ; El gurú de las bodas 
180;Premios Razzie ; Peor actriz secundaria: ;2015; Kaley Cuoco ; Alvin y las ardillas: Fiesta sobre ruedas 
181;Premios Razzie ; Peor actriz secundaria: ;2014; Megan Fox ; Ninja Turtles (Las Tortugas Ninja) 
182;Premios Razzie ; Peor actriz secundaria: ;2013; Kim Kardashian ; Tyler Perry's Temptation: Confessions of a Marriage Counselor 
183;Premios Razzie ; Peor actriz secundaria: ;2012; Rihanna ; Battleship 
184;Premios Razzie ; Peor actriz secundaria: ;2011;" David Spade  (personaje: ""Mónica"") "; Jack y su gemela (Jack y Jill) 
185;Premios Razzie ; Peor actriz secundaria: ;2010; Jessica Alba ; Machete 
186;Premios Razzie ; Peor actriz secundaria: ;2009; Jessica Alba ; El demonio bajo la piel 
187;Premios Razzie ; Peor actriz secundaria: ;2008; Jessica Alba ; Historias de San Valentín 
188;Premios Razzie ; Peor actriz secundaria: ;2007; Jessica Alba ; Ahora los padres son ellos 
189;Premios Razzie ; Peor actriz secundaria: ;2006; Sienna Miller ; G.I. Joe 
190;Premios Razzie ; Peor actriz secundaria: ;2005; Paris Hilton ; Repo! The Genetic Opera 
191;Premios Razzie ; Peor actriz secundaria: ;2004; Eddie Murphy (Como Rasputia) ; Norbit 
192;Premios Razzie ; Peor actriz secundaria: ;2003; Carmen Electra ; Scary Movie 4 
193;Premios Razzie ; Peor actriz secundaria: ;2002; Carmen Electra ; Date Movie 
194;Premios Razzie ; Peor actriz secundaria: ;2001; Paris Hilton ; La casa de cera 
195;Premios Razzie ; Peor actriz secundaria: ;2000; Britney Spears ; Fahrenheit 9/11 
196;Premios Razzie ; Peor actriz secundaria: ;1999; Demi Moore ; Los ángeles de Charlie: Al límite 
197;Premios Razzie ; Peor actriz secundaria: ;1998; Madonna ; Muere otro día 
198;Premios Razzie ; Peor actriz secundaria: ;1997; Estella Warren ; Driven 
199;Premios Razzie ; Peor actriz secundaria: ;1996; Kelly Preston ; Campo de batalla: La Tierra 
200;Premios Razzie ; Peor actriz secundaria: ;1995; Denise Richards ; El mundo nunca es suficiente 
201;Premios Razzie ; Peor actriz secundaria: ;1994; Maria Pitillo ; Godzilla 
202;Premios Razzie ; Peor actriz secundaria: ;1993; Alicia Silverstone ; Batman y Robin 
203;Premios Razzie ; Peor actriz secundaria: ;1992; Melanie Griffith ; Mulholland Falls (La brigada del sombrero) 
204;Premios Razzie ; Peor actriz secundaria: ;1991; Madonna ; Four Rooms 
205;Premios Razzie ; Peor actriz secundaria: ;1990; Rosie O'Donnell ; Los Picapiedra 
206;Premios Razzie ; Peor actriz secundaria: ;1989; Rosie O'Donnell ; Dos sabuesos en la isla del edén 
207;Premios Razzie ; Peor actriz secundaria: ;1988; Rosie O'Donnell ; Coche 54 ¿dónde estás? 
208;Premios Razzie ; Peor actriz secundaria: ;1987; Faye Dunaway ; La suplente (Ambición fatal) 
209;Premios Razzie ; Peor actriz secundaria: ;1986; Estelle Getty ; ¡Alto! o mi madre dispara 
210;Premios Razzie ; Peor actriz secundaria: ;1985; Sean Young por interpretar a su gelema asesinada ; Bésame antes de morir 
211;Premios Razzie ; Peor actriz secundaria: ;1984; Sofia Coppola ; El padrino. Parte III 
212;Premios Razzie ; Peor actriz secundaria: ;1983; Brooke Shields ; Los locos del Cannonball 3 
213;Premios Razzie ; Peor actriz secundaria: ;1982; Kristy McNichol ; Encrucijada de pasiones 
214;Premios Razzie ; Peor actriz secundaria: ;1981; Daryl Hannah ; Wall Street 
215;Premios Razzie ; Peor guion: ;2023; Andrew Dominik ; Blonde 
216;Premios Razzie ; Peor guion: ;2022; Joe DiPietro ; Lady Di: El musical 
217;Premios Razzie ; Peor guion: ;2021; Tomasz Klimala, Barbara Bialowas, Tomasz Mandes, Blanka Lipinska ; 365 días 
218;Premios Razzie ; Peor guion: ;2020; Lee Hall, Tom Hooper ; Cats 
219;Premios Razzie ; Peor guion: ;2019; Niall Leonard ; Cincuenta sombras liberadas 
220;Premios Razzie ; Peor guion: ;2018; Kelly Marcel ; Emoji: La película 
221;Premios Razzie ; Peor guion: ;2017; Darren Doane, Chester Hervey ; Batman v. Superman: El amanecer de la Justicia 
222;Premios Razzie ; Peor guion: ;2016; Sus 19 guionistas ; Cincuenta sombras de Grey 
223;Premios Razzie ; Peor guion: ;2015; David Caspe ; Saving Christmas 
224;Premios Razzie ; Peor guion: ;2014; Steve Koren, Adam Sandler, Ben Zook ; Movie 43 
225;Premios Razzie ; Peor guion: ;2013; M. Night Shyamalan ; Desmadre de padre 
226;Premios Razzie ; Peor guion: ;2012; Ehren Kruger, Roberto Orci, Alex Kurtzman ; Jack y su gemela (Jack y Jill) 
227;Premios Razzie ; Peor guion: ;2011; Mike Myers, Graham Gordy ; Airbender, el último guerrero 
228;Premios Razzie ; Peor guion: ;2010; Jeff Hammond ; Transformers: La venganza de los caídos 
229;Premios Razzie ; Peor guion: ;2009; Leora Barish, Henry Bean ; El gurú del buen rollo (The Love Guru) 
230;Premios Razzie ; Peor guion: ;2008; Jenny McCarthy ; Sé quién me mató 
231;Premios Razzie ; Peor guion: ;2007; Theresa Rebeck, John D. Brancato, Michael Ferris, John Rogers ; Instinto Básico 2: adicción al riesgo 
232;Premios Razzie ; Peor guion: ;2006; Martin Brest ; Supersalidas 
233;Premios Razzie ; Peor guion: ;2005; George Lucas, Jonathan Hales ; Catwoman 
234;Premios Razzie ; Peor guion: ;2004; Tom Green, Derek Harvie ; Una relación peligrosa (Gigli) 
235;Premios Razzie ; Peor guion: ;2003; Corey Mandell, J.D. Shapiro ; Star Wars. Episodio II: El ataque de los clones 
236;Premios Razzie ; Peor guion: ;2002; Jim Thomas, John Thomas, S.S. Wilson, Brent Maddock, Jeffrey Price, Peter S. Seaman ; Freddy el colgao 
237;Premios Razzie ; Peor guion: ;2001; Joe Eszterhas ; Campo de batalla: La Tierra 
238;Premios Razzie ; Peor guion: ;2000; Eric Roth, Brian Helgeland ; Wild Wild West 
239;Premios Razzie ; Peor guion: ;1999; Andrew Bergman ; ¡Arde Hollywood! 
240;Premios Razzie ; Peor guion: ;1998; Joe Eszterhas ; Mensajero del futuro 
241;Premios Razzie ; Peor guion: ;1997; Tom S. Parker, Babaloo Mandel, Mitch Markowitz, Dava Savel, Brian Levant, Michael G. Wilson, Al Aidekman, Cindy Begel, Lloyd Garver, David Silverman, Stephen Sustarsic, Nancy Steen, Neil Thompson ; Striptease 
242;Premios Razzie ; Peor guion: ;1996; Amy Holden Jones ; Showgirls 
243;Premios Razzie ; Peor guion: ;1995; Blake Snyder, William Osborne, William Davies ; Los Picapiedra 
244;Premios Razzie ; Peor guion: ;1994; Steven E. de Souza, Daniel Waters, Robert Kraft, Bruce Willis ; Una proposición indecente 
245;Premios Razzie ; Peor guion: ;1993; Daniel Waters, James Cappe, David Arnott ; ¡Alto! o mi madre dispara 
246;Premios Razzie ; Peor guion: ;1992; Eddie Murphy ; El gran halcón 
247;Premios Razzie ; Peor guion: ;1991; Heywood Gould ; Las aventuras de Ford Fairlane 
248;Premios Razzie ; Peor guion: ;1990; Jonathan Reynolds, Bill Cosby ; Noches de Harlem 
249;Premios Razzie ; Peor guion: ;1989; Willard Huyck, Gloria Katz ; Cocktail 
250;Premios Razzie ; Peor guion: ;1988; Sylvester Stallone, James Cameron, Kevin Jarre ; Leonard Part 6 
251;Premios Razzie ; Peor guion: ;1987; John Derek ; Howard, un nuevo héroe 
252;Premios Razzie ; Peor guion: ;1986; Ellen Shepard, John Kershaw, Shawn Randall ; Rambo: Acorralado Parte II (Rambo 2) 
253;Premios Razzie ; Peor guion: ;1985; Robin Moore, Laird Koenig ; Bolero 
254;Premios Razzie ; Peor guion: ;1984; Frank Yablans, Frank Perry, Tracy Hotchner, Robert Getchell ; The Lonely Lady 
255;Premios Razzie ; Peor guion: ;1983; Bronte Woodard, Allan Carr ; Inchon 
256;Premios Razzie ; Peor pareja en pantalla: ;2023; Tom Hanks y su cara de látex (y terrible acento) ; Elvis 
257;Premios Razzie ; Peor pareja en pantalla: ;2022; LeBron James (y cualquier personaje animado) ; Space Jam: Nuevas leyendas 
258;Premios Razzie ; Peor pareja en pantalla: ;2021; Donald Trump (y su perpetua mezquindad) ; Fahrenheit 11/9 
259;Premios Razzie ; Peor pareja en pantalla: ;2020; Donald Trump  y su perpetua mezquindad ; Death of a Nation 
260;Premios Razzie ; Peor pareja en pantalla: ;2019; Kirk Cameron  y su Ego ; Saving Christmas 
261;Premios Razzie ; Peor pareja en pantalla: ;2018; Jaden Smith, Will Smith ; After Earth 
262;Premios Razzie ; Peor pareja en pantalla: ;2017; Mackenzie Foy, Taylor Lautner ; La saga Crepúsculo: Amanecer - Parte 2 
263;Premios Razzie ; Peor pareja en pantalla: ;2016; Adam Sandler, Katie Holmes, Al Pacino ; Jack y su gemela (Jack y Jill) 
264;Premios Razzie ; Peor película: ;2023; Andrew Dominik; Blonde 
265;Premios Razzie ; Peor película: ;2022; Ana de Armas; Lady Di: El musical 
266;Premios Razzie ; Peor película: ;2021; Adrien Brody; Absolute Proof 
267;Premios Razzie ; Peor película: ;2020; Bobby Cannavale; Cats 
268;Premios Razzie ; Peor película: ;2019; Christopher Ashley; Holmes & Watson 
269;Premios Razzie ; Peor película: ;2018; Jeanna de Waal; Emoji: La película 
270;Premios Razzie ; Peor película: ;2017; Erin Davie; Hillary's America: The Secret History of the Democratic Party 
271;Premios Razzie ; Peor película: ;2016; Roe Hartrampf; Cincuenta sombras de Grey 
272;Premios Razzie ; Peor película: ;2015; Brannon Howse; Cuatro Fantásticos 
273;Premios Razzie ; Peor película: ;2014; Mike Lindell; Saving Christmas 
274;Premios Razzie ; Peor película: ;2013; Mike Lindell; Movie 43 
275;Premios Razzie ; Peor película: ;2012; Phil Waldron; La saga Crepúsculo: Amanecer - Parte 2 
276;Premios Razzie ; Peor película: ;2011; Tom Hooper; Jack y su gemela (Jack y Jill) 
277;Premios Razzie ; Peor película: ;2010; Francesca Hayward; Airbender, el último guerrero 
278;Premios Razzie ; Peor película: ;2009; Jennifer Hudson; Transformers: La venganza de los caídos 
279;Premios Razzie ; Peor película: ;2008; Judi Dench; El gurú del buen rollo (The Love Guru) 
280;Premios Razzie ; Peor película: ;2007; Etan Cohen; Sé quién me mató 
281;Premios Razzie ; Peor película: ;2006; Will Ferrell; Instinto Básico 2: adicción al riesgo 
282;Premios Razzie ; Peor película: ;2005; John C. Reilly; Supersalidas 
283;Premios Razzie ; Peor película: ;2004; Lauren Lapkus; Catwoman 
284;Premios Razzie ; Peor película: ;2003; Anthony Leondis; Una relación peligrosa (Gigli) 
285;Premios Razzie ; Peor película: ;2002; Dinesh D'Souza; Barridos por la marea 
286;Premios Razzie ; Peor película: ;2001; Bruce Schooley; Freddy el colgao 
287;Premios Razzie ; Peor película: ;2000; Rebekah Turner; Campo de batalla: La Tierra 
288;Premios Razzie ; Peor película: ;1999; David Guyette; Wild Wild West 
289;Premios Razzie ; Peor película: ;1998; Sam Taylor-Johnson; ¡Arde Hollywood! 
290;Premios Razzie ; Peor película: ;1997; Dakota Johnson; Mensajero del futuro 
291;Premios Razzie ; Peor película: ;1996; Jamie Dornan; Striptease 
292;Premios Razzie ; Peor película: ;1995; Max Martini; Showgirls 
293;Premios Razzie ; Peor película: ;1994; Josh Trank; El color de la noche 
294;Premios Razzie ; Peor película: ;1993; Miles Teller; Una proposición indecente 
295;Premios Razzie ; Peor película: ;1992; Kate Mara; Resplandor en la oscuridad 
296;Premios Razzie ; Peor película: ;1991; Michael B. Jordan; El gran halcón 
297;Premios Razzie ; Peor película: ;1990; Darren Doane; Los fantasmas no pueden... hacerlo 
298;Premios Razzie ; Peor película: ;1989; Kirk Cameron; Las aventuras de Ford Fairlane 
299;Premios Razzie ; Peor película: ;1988; Bridgette Cameron; Star Trek V. La última frontera 
300;Premios Razzie ; Peor película: ;1987; Darren Doane; Cocktail 
301;Premios Razzie ; Peor película: ;1986; James Gunn; Leonard Part 6 
302;Premios Razzie ; Peor película: ;1985; Peter Farrelly; Under the Cherry Moon 
303;Premios Razzie ; Peor película: ;1984; Griffin Dunne; Howard, un nuevo héroe 
304;Premios Razzie ; Peor película: ;1983; Elizabeth Banks; Rambo: Acorralado Parte II (Rambo 2) 
305;Premios Razzie ; Peor película: ;1982; Kristen Bell; Bolero 
306;Premios Razzie ; Peor película: ;1981; Halle Berry; The Lonely Lady 
307;Premios Razzie ; Peor dirección: ;2023; Machine Gun Kelly; Good Mourning 
308;Premios Razzie ; Peor dirección: ;2022; Mod Sun; Lady Di: El musical 
309;Premios Razzie ; Peor dirección: ;2021; Machine Gun Kelly; Music 
310;Premios Razzie ; Peor dirección: ;2020; Megan Fox; Cats 
311;Premios Razzie ; Peor dirección: ;2019; Pete Davidson; Holmes & Watson 
312;Premios Razzie ; Peor dirección: ;2018; Christopher Ashley; Emoji: La película 
313;Premios Razzie ; Peor dirección: ;2017; Jeanna de Waal; Hillary's America: The Secret History of the Democratic Party 
314;Premios Razzie ; Peor dirección: ;2016; Erin Davie; Cuatro Fantásticos 
315;Premios Razzie ; Peor dirección: ;2015; Roe Hartrampf; Transformers: La era de la extinción 
316;Premios Razzie ; Peor dirección: ;2014; Sia; Movie 43 
317;Premios Razzie ; Peor dirección: ;2013; Kate Hudson; La saga Crepúsculo: Amanecer - Parte 2 
318;Premios Razzie ; Peor dirección: ;2012; Maddie Ziegler; Sígueme el rollo 
319;Premios Razzie ; Peor dirección: ;2011; Leslie Odom Jr.; Jack y su gemela (Jack y Jill) 
320;Premios Razzie ; Peor dirección: ;2010; Tom Hooper; Airbender, el último guerrero 
321;Premios Razzie ; Peor dirección: ;2009; Francesca Hayward; Transformers: La venganza de los caídos 
322;Premios Razzie ; Peor dirección: ;2008; Jennifer Hudson; Postal 
323;Premios Razzie ; Peor dirección: ;2007; Judi Dench; En el nombre del rey 
324;Premios Razzie ; Peor dirección: ;2006; Etan Cohen; Tunnel Rats 
325;Premios Razzie ; Peor dirección: ;2005; Will Ferrell; Sé quién me mató 
326;Premios Razzie ; Peor dirección: ;2004; John C. Reilly; La joven del agua 
327;Premios Razzie ; Peor dirección: ;2003; Lauren Lapkus; Supersalidas 
328;Premios Razzie ; Peor dirección: ;2002; Anthony Leondis; Catwoman 
329;Premios Razzie ; Peor dirección: ;2001; Dinesh D'Souza; Una relación peligrosa (Gigli) 
330;Premios Razzie ; Peor dirección: ;2000; Bruce Schooley; Barridos por la marea 
331;Premios Razzie ; Peor dirección: ;1999; Rebekah Turner; Freddy el colgao 
332;Premios Razzie ; Peor dirección: ;1998; David Guyette; Campo de batalla: La Tierra 
333;Premios Razzie ; Peor dirección: ;1997; Josh Trank; Wild Wild West 
334;Premios Razzie ; Peor dirección: ;1996; Miles Teller; Psycho (Psicosis) 
335;Premios Razzie ; Peor dirección: ;1995; Kate Mara; Mensajero del futuro 
336;Premios Razzie ; Peor dirección: ;1994; Michael B. Jordan; Striptease 
337;Premios Razzie ; Peor dirección: ;1993; Michael Bay; Showgirls 
338;Premios Razzie ; Peor dirección: ;1992; Mark Wahlberg; En tierra peligrosa 
339;Premios Razzie ; Peor dirección: ;1991; Nicola Peltz; Boxing Helena (Mi obsesión por Helena) 
340;Premios Razzie ; Peor dirección: ;1990; Jack Reynor; Resplandor en la oscuridad 
341;Premios Razzie ; Peor dirección: ;1989; James Gunn; El gran halcón 
342;Premios Razzie ; Peor dirección: ;1988; Peter Farrelly; Los fantasmas no pueden... hacerlo 
343;Premios Razzie ; Peor dirección: ;1987; Griffin Dunne; Star Trek V. La última frontera 
344;Premios Razzie ; Peor dirección: ;1986; Elizabeth Banks; Mi amigo Mac 
345;Premios Razzie ; Peor dirección: ;1985; Kristen Bell; Asesinato en Beverly Hills 
346;Premios Razzie ; Peor dirección: ;1984; Halle Berry; Ishtar 
347;Premios Razzie ; Peor dirección: ;1983; Bill Condon; Los hombres duros no bailan 
348;Premios Razzie ; Peor dirección: ;1982; Kristen Stewart; Under the Cherry Moon 
349;Premios Razzie ; Peor dirección: ;1981; Robert Pattinson; Rocky IV 
350;Premios Razzie ; Peor actor: ;2023; Daniel Espinosa; Morbius 
351;Premios Razzie ; Peor actor: ;2022; Jared Leto; Space Jam: Nuevas leyendas 
352;Premios Razzie ; Peor actor: ;2021; Matt Smith; Absolute Proof 
353;Premios Razzie ; Peor actor: ;2020; Joseph Esson; Nacido para ganar 
354;Premios Razzie ; Peor actor: ;2019; Malcolm D. Lee; Fanático 
355;Premios Razzie ; Peor actor: ;2018; LeBron James; Fahrenheit 11/9 
356;Premios Razzie ; Peor actor: ;2017; Sonequa Martin-Green; Death of a Nation 
357;Premios Razzie ; Peor actor: ;2016; Brannon Howse; La momia 
358;Premios Razzie ; Peor actor: ;2015; Mike Lindell; Hillary's America: The Secret History of the Democratic Party 
359;Premios Razzie ; Peor actor: ;2014; Mike Lindell; Cincuenta sombras de Grey 
360;Premios Razzie ; Peor actor: ;2013; Phil Waldron; Saving Christmas 
361;Premios Razzie ; Peor actor: ;2012; Karzan Kader; After Earth 
362;Premios Razzie ; Peor actor: ;2011; John Travolta; Desmadre de padre 
363;Premios Razzie ; Peor actor: ;2010; Shania Twain; Sígueme el rollo 
364;Premios Razzie ; Peor actor: ;2009; Toby Sebastian; Jack y su gemela (Jack y Jill) 
365;Premios Razzie ; Peor actor: ;2008; Fred Durst; Historias de San Valentín 
366;Premios Razzie ; Peor actor: ;2007; John Travolta; Killers 
367;Premios Razzie ; Peor actor: ;2006; Devon Sawa; Jonas Brothers: The 3D Concert Experience 
368;Premios Razzie ; Peor actor: ;2005; Ana Golja; El gurú del buen rollo (The Love Guru) 
369;Premios Razzie ; Peor actor: ;2004; Michael Moore; Norbit 
370;Premios Razzie ; Peor actor: ;2003; Donald Trump; Pequeño pero matón 
371;Premios Razzie ; Peor actor: ;2002; Ivanka Trump; Deuce Bigalow: Gigoló europeo 
372;Premios Razzie ; Peor actor: ;2001; Dinesh D'Souza; Fahrenheit 9/11 
373;Premios Razzie ; Peor actor: ;2000; Donald Trump; Paycheck 
374;Premios Razzie ; Peor actor: ;1999; Don Taylor; Una relación peligrosa (Gigli) 
375;Premios Razzie ; Peor actor: ;1998; Alex Kurtzman; Daredevil 
376;Premios Razzie ; Peor actor: ;1997; Tom Cruise; Pinocho 
377;Premios Razzie ; Peor actor: ;1996; Russell Crowe; Freddy el colgao 
378;Premios Razzie ; Peor actor: ;1995; Annabelle Wallis; Combinación ganadora 
379;Premios Razzie ; Peor actor: ;1994; Dinesh D'Souza; Campo de batalla: La Tierra 
380;Premios Razzie ; Peor actor: ;1993; Bruce Schooley; Un papá genial 
381;Premios Razzie ; Peor actor: ;1992; Rebekah Turner; Estado de sitio 
382;Premios Razzie ; Peor actor: ;1991; David Guyette; Mercury Rising (Al rojo vivo) 
383;Premios Razzie ; Peor actor: ;1990; Sam Taylor-Johnson; Armageddon 
384;Premios Razzie ; Peor actor: ;1989; Dakota Johnson; Mensajero del futuro 
385;Premios Razzie ; Peor actor: ;1988; Jamie Dornan; Bio-Dome 
386;Premios Razzie ; Peor actor: ;1987; Max Martini; La familia Stupid 
387;Premios Razzie ; Peor actor: ;1986; Darren Doane; Carpool, todos al coche 
388;Premios Razzie ; Peor actor: ;1985; Kirk Cameron; Mi querido enemigo 
389;Premios Razzie ; Peor actor: ;1984; Bridgette Cameron; ¿Y dónde está el jurado? 
390;Premios Razzie ; Peor actor: ;1983; Darren Doane; Wyatt Earp 
391;Premios Razzie ; Peor actor: ;1982; M. Night Shyamalan; Un policía y pico 
392;Premios Razzie ; Peor actor: ;1981; Jaden Smith; ¡Alto! o mi madre dispara 
393;Premios Razzie ; Peor actriz: ;2023; Christopher Ashley; Lady Di: El musical 
394;Premios Razzie ; Peor actriz: ;2022; Jeanna de Waal; Music 
395;Premios Razzie ; Peor actriz: ;2021; Erin Davie; The Haunting of Sharon Tate 
396;Premios Razzie ; Peor actriz: ;2020; Roe Hartrampf; El alma de la fiesta 
397;Premios Razzie ; Peor actriz: ;2019; Sia; ¿Quién está matando a los moñecos? 
398;Premios Razzie ; Peor actriz: ;2018; Kate Hudson; Tyler Perry's Boo 2! A Madea Halloween 
399;Premios Razzie ; Peor actriz: ;2017; Maddie Ziegler; Hillary's America: The Secret History of the Democratic Party 
400;Premios Razzie ; Peor actriz: ;2016; Leslie Odom Jr.; Cincuenta sombras de Grey 
401;Premios Razzie ; Peor actriz: ;2015; Daniel Farrands; Sex Tape. Algo pasa en la nube 
402;Premios Razzie ; Peor actriz: ;2014; Hilary Duff; No hay dos sin tres 
403;Premios Razzie ; Peor actriz: ;2013; Jonathan Bennett; A Madea Christmas (AKA Tyler Perry's A Madea Christmas) 
404;Premios Razzie ; Peor actriz: ;2012; Lydia Hearst; La saga Crepúsculo: Amanecer - Parte 2 
405;Premios Razzie ; Peor actriz: ;2011; Ben Falcone; Blancanieves y la leyenda del cazador 
406;Premios Razzie ; Peor actriz: ;2010; Melissa McCarthy; Jack y su gemela (Jack y Jill) 
407;Premios Razzie ; Peor actriz: ;2009; Gillian Jacobs; Sexo en Nueva York 2 
408;Premios Razzie ; Peor actriz: ;2008; Jacki Weaver; Loca obsesión 
409;Premios Razzie ; Peor actriz: ;2007; Brian Henson; La bella y la bestia 
410;Premios Razzie ; Peor actriz: ;2006; Melissa McCarthy; Sé quién me mató 
411;Premios Razzie ; Peor actriz: ;2005; Elizabeth Banks; Sé quién me mató 
412;Premios Razzie ; Peor actriz: ;2004; Maya Rudolph; Instinto Básico 2: adicción al riesgo 
413;Premios Razzie ; Peor actriz: ;2003; Tyler Perry; Supersalidas 
414;Premios Razzie ; Peor actriz: ;2002; Tyler Perry; Catwoman 
415;Premios Razzie ; Peor actriz: ;2001; Brock O'Hurn; Una relación peligrosa (Gigli) 
416;Premios Razzie ; Peor actriz: ;2000; Lexy Panterra; Barridos por la marea 
417;Premios Razzie ; Peor actriz: ;1999; Dinesh D'Souza; Crossroads: Hasta el final 
418;Premios Razzie ; Peor actriz: ;1998; Bruce Schooley; Glitter (Todo lo que brilla) 
419;Premios Razzie ; Peor actriz: ;1997; Rebekah Turner; Algo casi perfecto 
420;Premios Razzie ; Peor actriz: ;1996; David Guyette; El proyecto de la bruja de Blair 
421;Premios Razzie ; Peor actriz: ;1995; Sam Taylor-Johnson; Spiceworld. The Movie 
422;Premios Razzie ; Peor actriz: ;1994; Dakota Johnson; La teniente O'Neil 
423;Premios Razzie ; Peor actriz: ;1993; Jamie Dornan; Striptease 
424;Premios Razzie ; Peor actriz: ;1992; Max Martini; Coacción a un jurado 
425;Premios Razzie ; Peor actriz: ;1991; Jake Kasdan; Showgirls 
426;Premios Razzie ; Peor actriz: ;1990; Cameron Diaz; El especialista 
427;Premios Razzie ; Peor actriz: ;1989; Jason Segel; Entre dos mujeres (Intersection) 
428;Premios Razzie ; Peor actriz: ;1988; Rob Lowe; El cuerpo del delito 
429;Premios Razzie ; Peor actriz: ;1987; Nick Cassavetes; Una extraña entre nosotros 
430;Premios Razzie ; Peor actriz: ;1986; Cameron Diaz; Resplandor en la oscuridad 
431;Premios Razzie ; Peor actriz: ;1985; Leslie Mann; Bésame antes de morir 
432;Premios Razzie ; Peor actriz: ;1984; Kate Upton; Los fantasmas no pueden... hacerlo 
433;Premios Razzie ; Peor actriz: ;1983; Tyler Perry; El regreso de la cosa del pantano 
434;Premios Razzie ; Peor actriz: ;1982; Tyler Perry; Chicago en rojo 
435;Premios Razzie ; Peor actriz: ;1981; Chad Michael Murray; Arthur 2: On the Rocks 
436;Premios Razzie ; Peor actor secundario: ;2023; Baz Luhrmann; Elvis 
437;Premios Razzie ; Peor actor secundario: ;2022; Austin Butler; La casa Gucci 
438;Premios Razzie ; Peor actor secundario: ;2021; Tom Hanks; Borat, película film secuela 
439;Premios Razzie ; Peor actor secundario: ;2020; Olivia DeJonge; Cats 
440;Premios Razzie ; Peor actor secundario: ;2019; Ridley Scott; Holmes & Watson 
441;Premios Razzie ; Peor actor secundario: ;2018; Lady Gaga; Dos padres por desigual 
442;Premios Razzie ; Peor actor secundario: ;2017; Adam Driver; Batman v. Superman: El amanecer de la Justicia 
443;Premios Razzie ; Peor actor secundario: ;2016; Al Pacino; El destino de Júpiter 
444;Premios Razzie ; Peor actor secundario: ;2015; Jason Woliner; Transformers: La era de la extinción 
445;Premios Razzie ; Peor actor secundario: ;2014; Sacha Baron Cohen; Legends of Oz: Dorothy’s Return 
446;Premios Razzie ; Peor actor secundario: ;2013; Maria Bakalova; En qué piensan los hombres 2 
447;Premios Razzie ; Peor actor secundario: ;2012; Dani Popescu; Los mercenarios 3 
448;Premios Razzie ; Peor actor secundario: ;2011; Tom Hooper; After Earth 
449;Premios Razzie ; Peor actor secundario: ;2010; Francesca Hayward; La saga Crepúsculo: Amanecer - Parte 2 
450;Premios Razzie ; Peor actor secundario: ;2009; Jennifer Hudson; Jack y su gemela (Jack y Jill) 
451;Premios Razzie ; Peor actor secundario: ;2008; Judi Dench; La saga Crepúsculo: Eclipse 
452;Premios Razzie ; Peor actor secundario: ;2007; Etan Cohen; Airbender, el último guerrero 
453;Premios Razzie ; Peor actor secundario: ;2006; Will Ferrell; Hannah Montana: La película 
454;Premios Razzie ; Peor actor secundario: ;2005; John C. Reilly; Mamma Mia! La película 
455;Premios Razzie ; Peor actor secundario: ;2004; Lauren Lapkus; Norbit 
456;Premios Razzie ; Peor actor secundario: ;2003; Sean Anders; La joven del agua 
457;Premios Razzie ; Peor actor secundario: ;2002; Will Ferrell; Star Wars. Episodio III: La venganza de los sith 
458;Premios Razzie ; Peor actor secundario: ;2001; Mark Wahlberg; Fahrenheit 9/11 
459;Premios Razzie ; Peor actor secundario: ;2000; Mel Gibson; Spy Kids 3D: Game Over 
460;Premios Razzie ; Peor actor secundario: ;1999; Zack Snyder; Star Wars. Episodio II: El ataque de los clones 
461;Premios Razzie ; Peor actor secundario: ;1998; Ben Affleck; Enredos de sociedad 
462;Premios Razzie ; Peor actor secundario: ;1997; Henry Cavill; El planeta de los simios 
463;Premios Razzie ; Peor actor secundario: ;1996; Amy Adams; Como perros y gatos 
464;Premios Razzie ; Peor actor secundario: ;1995; Lilly Wachowski; Campo de batalla: La Tierra 
465;Premios Razzie ; Peor actor secundario: ;1994; Lana Wachowski; Star Wars. Episodio I: La amenaza fantasma 
466;Premios Razzie ; Peor actor secundario: ;1993; Hermanas Wachowski; ¡Arde Hollywood! 
467;Premios Razzie ; Peor actor secundario: ;1992; Mila Kunis; Double Team 
468;Premios Razzie ; Peor actor secundario: ;1991; Channing Tatum; La isla del Dr. Moreau 
469;Premios Razzie ; Peor actor secundario: ;1990; Eddie Redmayne; Waterworld 
470;Premios Razzie ; Peor actor secundario: ;1989; Michael Bay; Agárralo como puedas 33 1/3: El insulto final 
471;Premios Razzie ; Peor actor secundario: ;1988; Mark Wahlberg; Una proposición indecente 
472;Premios Razzie ; Peor actor secundario: ;1987; Nicola Peltz; Cristóbal Colón: El descubrimiento 
473;Premios Razzie ; Peor actor secundario: ;1986; Jack Reynor; El gran lío 
474;Premios Razzie ; Peor actor secundario: ;1985; Dan St. Pierre; Los fantasmas no pueden... hacerlo 
475;Premios Razzie ; Peor actor secundario: ;1984; Will Finn; Escúchame 
476;Premios Razzie ; Peor actor secundario: ;1983; Tim Story; El club de los chalados II 
477;Premios Razzie ; Peor actor secundario: ;1982; Kevin Hart; Yo, el halcón 
478;Premios Razzie ; Peor actor secundario: ;1981; Gabrielle Union; Under the Cherry Moon 
479;Premios Razzie ; Peor actriz secundaria: ;2023; Daniel Espinosa; Morbius 
480;Premios Razzie ; Peor actriz secundaria: ;2022; Jared Leto; Lady Di: El musical 
481;Premios Razzie ; Peor actriz secundaria: ;2021; Matt Smith; Music 
482;Premios Razzie ; Peor actriz secundaria: ;2020; Joseph Esson; Cats 
483;Premios Razzie ; Peor actriz secundaria: ;2019; Christopher Ashley; Fahrenheit 11/9 
484;Premios Razzie ; Peor actriz secundaria: ;2018; Jeanna de Waal; Cincuenta sombras más oscuras 
485;Premios Razzie ; Peor actriz secundaria: ;2017; Erin Davie; Zoolander No. 2 
486;Premios Razzie ; Peor actriz secundaria: ;2016; Roe Hartrampf; El gurú de las bodas 
487;Premios Razzie ; Peor actriz secundaria: ;2015; Sia; Alvin y las ardillas: Fiesta sobre ruedas 
488;Premios Razzie ; Peor actriz secundaria: ;2014; Kate Hudson; Ninja Turtles (Las Tortugas Ninja) 
489;Premios Razzie ; Peor actriz secundaria: ;2013; Maddie Ziegler; Tyler Perry's Temptation: Confessions of a Marriage Counselor 
490;Premios Razzie ; Peor actriz secundaria: ;2012; Leslie Odom Jr.; Battleship 
491;Premios Razzie ; Peor actriz secundaria: ;2011; Tom Hooper; Jack y su gemela (Jack y Jill) 
492;Premios Razzie ; Peor actriz secundaria: ;2010; Francesca Hayward; Machete 
493;Premios Razzie ; Peor actriz secundaria: ;2009; Jennifer Hudson; El demonio bajo la piel 
494;Premios Razzie ; Peor actriz secundaria: ;2008; Judi Dench; Historias de San Valentín 
495;Premios Razzie ; Peor actriz secundaria: ;2007; Michael Moore; Ahora los padres son ellos 
496;Premios Razzie ; Peor actriz secundaria: ;2006; Donald Trump; G.I. Joe 
497;Premios Razzie ; Peor actriz secundaria: ;2005; Ivanka Trump; Repo! The Genetic Opera 
498;Premios Razzie ; Peor actriz secundaria: ;2004; James Foley; Norbit 
499;Premios Razzie ; Peor actriz secundaria: ;2003; Dakota Johnson; Scary Movie 4 
500;Premios Razzie ; Peor actriz secundaria: ;2002; Jamie Dornan; Date Movie 
501;Premios Razzie ; Peor actriz secundaria: ;2001; Bella Heathcote; La casa de cera 
502;Premios Razzie ; Peor actriz secundaria: ;2000; Ben Stiller; Fahrenheit 9/11 
503;Premios Razzie ; Peor actriz secundaria: ;1999; Ben Stiller; Los ángeles de Charlie: Al límite 
504;Premios Razzie ; Peor actriz secundaria: ;1998; Owen Wilson; Muere otro día 
505;Premios Razzie ; Peor actriz secundaria: ;1997; Will Ferrell; Driven 
506;Premios Razzie ; Peor actriz secundaria: ;1996; Jeremy Garelick; Campo de batalla: La Tierra 
507;Premios Razzie ; Peor actriz secundaria: ;1995; Kaley Cuoco; El mundo nunca es suficiente 
508;Premios Razzie ; Peor actriz secundaria: ;1994; Josh Gad; Godzilla 
509;Premios Razzie ; Peor actriz secundaria: ;1993; Kevin Hart; Batman y Robin 
510;Premios Razzie ; Peor actriz secundaria: ;1992; Walt Becker; Mulholland Falls (La brigada del sombrero) 
511;Premios Razzie ; Peor actriz secundaria: ;1991; Jason Lee; Four Rooms 
512;Premios Razzie ; Peor actriz secundaria: ;1990; Kimberly Williams-Paisley; Los Picapiedra 
513;Premios Razzie ; Peor actriz secundaria: ;1989; Jonathan Liebesman; Dos sabuesos en la isla del edén 
514;Premios Razzie ; Peor actriz secundaria: ;1988; Megan Fox; Coche 54 ¿dónde estás? 
515;Premios Razzie ; Peor actriz secundaria: ;1987; Alan Ritchson; La suplente (Ambición fatal) 
516;Premios Razzie ; Peor actriz secundaria: ;1986; Jeremy Howard; ¡Alto! o mi madre dispara 
517;Premios Razzie ; Peor actriz secundaria: ;1985; Tyler Perry; Bésame antes de morir 
518;Premios Razzie ; Peor actriz secundaria: ;1984; Jurnee Smollett; El padrino. Parte III 
519;Premios Razzie ; Peor actriz secundaria: ;1983; Lance Gross; Los locos del Cannonball 3 
520;Premios Razzie ; Peor actriz secundaria: ;1982; Kim Kardashian; Encrucijada de pasiones 
521;Premios Razzie ; Peor actriz secundaria: ;1981; Peter Berg; Wall Street 
522;Premios Razzie ; Peor guion: ;2023; Andrew Dominik; Blonde 
523;Premios Razzie ; Peor guion: ;2022; Ana de Armas; Lady Di: El musical 
524;Premios Razzie ; Peor guion: ;2021; Adrien Brody; 365 días 
525;Premios Razzie ; Peor guion: ;2020; Bobby Cannavale; Cats 
526;Premios Razzie ; Peor guion: ;2019; Christopher Ashley; Cincuenta sombras liberadas 
527;Premios Razzie ; Peor guion: ;2018; Jeanna de Waal; Emoji: La película 
528;Premios Razzie ; Peor guion: ;2017; Erin Davie; Batman v. Superman: El amanecer de la Justicia 
529;Premios Razzie ; Peor guion: ;2016; Roe Hartrampf; Cincuenta sombras de Grey 
530;Premios Razzie ; Peor guion: ;2015; Barbara Bialowas; Saving Christmas 
531;Premios Razzie ; Peor guion: ;2014; Tomasz Mandes; Movie 43 
532;Premios Razzie ; Peor guion: ;2013; Michele Morrone; Desmadre de padre 
533;Premios Razzie ; Peor guion: ;2012; Anna Maria Sieklucka; Jack y su gemela (Jack y Jill) 
534;Premios Razzie ; Peor guion: ;2011; Bronislaw Wroclawski; Airbender, el último guerrero 
535;Premios Razzie ; Peor guion: ;2010; Tom Hooper; Transformers: La venganza de los caídos 
536;Premios Razzie ; Peor guion: ;2009; Francesca Hayward; El gurú del buen rollo (The Love Guru) 
537;Premios Razzie ; Peor guion: ;2008; Jennifer Hudson; Sé quién me mató 
538;Premios Razzie ; Peor guion: ;2007; Judi Dench; Instinto Básico 2: adicción al riesgo 
539;Premios Razzie ; Peor guion: ;2006; James Foley; Supersalidas 
540;Premios Razzie ; Peor guion: ;2005; Dakota Johnson; Catwoman 
541;Premios Razzie ; Peor guion: ;2004; Jamie Dornan; Una relación peligrosa (Gigli) 
542;Premios Razzie ; Peor guion: ;2003; Eric Johnson; Star Wars. Episodio II: El ataque de los clones 
543;Premios Razzie ; Peor guion: ;2002; Anthony Leondis; Freddy el colgao 
544;Premios Razzie ; Peor guion: ;2001; Zack Snyder; Campo de batalla: La Tierra 
545;Premios Razzie ; Peor guion: ;2000; Ben Affleck; Wild Wild West 
546;Premios Razzie ; Peor guion: ;1999; Henry Cavill; ¡Arde Hollywood! 
547;Premios Razzie ; Peor guion: ;1998; Amy Adams; Mensajero del futuro 
548;Premios Razzie ; Peor guion: ;1997; Sam Taylor-Johnson; Striptease 
549;Premios Razzie ; Peor guion: ;1996; Dakota Johnson; Showgirls 
550;Premios Razzie ; Peor guion: ;1995; Jamie Dornan; Los Picapiedra 
551;Premios Razzie ; Peor guion: ;1994; Max Martini; Una proposición indecente 
552;Premios Razzie ; Peor guion: ;1993; Darren Doane; ¡Alto! o mi madre dispara 
553;Premios Razzie ; Peor guion: ;1992; Kirk Cameron; El gran halcón 
554;Premios Razzie ; Peor guion: ;1991; Bridgette Cameron; Las aventuras de Ford Fairlane 
555;Premios Razzie ; Peor guion: ;1990; Darren Doane; Noches de Harlem 
556;Premios Razzie ; Peor guion: ;1989; James Gunn; Cocktail 
557;Premios Razzie ; Peor guion: ;1988; Peter Farrelly; Leonard Part 6 
558;Premios Razzie ; Peor guion: ;1987; Griffin Dunne; Howard, un nuevo héroe 
559;Premios Razzie ; Peor guion: ;1986; Elizabeth Banks; Rambo: Acorralado Parte II (Rambo 2) 
560;Premios Razzie ; Peor guion: ;1985; Kristen Bell; Bolero 
561;Premios Razzie ; Peor guion: ;1984; Halle Berry; The Lonely Lady 
562;Premios Razzie ; Peor guion: ;1983; Sean Anders; Inchon 
563;Premios Razzie ; Peor guion: ;1982; Adam Sandler; Queridísima mamá 
564;Premios Razzie ; Peor guion: ;1981; Andy Samberg; ¡Que no pare la música! 
565;Premios Razzie ; Peor pareja en pantalla: ;2023; Baz Luhrmann; Elvis 
566;Premios Razzie ; Peor pareja en pantalla: ;2022; Austin Butler; Space Jam: Nuevas leyendas 
567;Premios Razzie ; Peor pareja en pantalla: ;2021; Tom Hanks; Fahrenheit 11/9 
568;Premios Razzie ; Peor pareja en pantalla: ;2020; Olivia DeJonge; Death of a Nation 
569;Premios Razzie ; Peor pareja en pantalla: ;2019; Malcolm D. Lee; Saving Christmas 
570;Premios Razzie ; Peor pareja en pantalla: ;2018; LeBron James; After Earth 
571;Premios Razzie ; Peor pareja en pantalla: ;2017; Sonequa Martin-Green; La saga Crepúsculo: Amanecer - Parte 2 
572;Premios Razzie ; Peor pareja en pantalla: ;2016; Michael Moore; Jack y su gemela (Jack y Jill) 
573;Premios Razzie ; Peor precuela, remake, copia o secuela: ;2023; Robert Zemeckis; Pinocho 
574;Premios Razzie ; Peor precuela, remake, copia o secuela: ;2022; Tom Hanks; Space Jam: Nuevas leyendas 
575;Premios Razzie ; Peor precuela, remake, copia o secuela: ;2021; Cynthia Erivo; Las aventuras del doctor Dolittle 
576;Premios Razzie ; Peor precuela, remake, copia o secuela: ;2020; Luke Evans; Rambo: Last Blood 
577;Premios Razzie ; Peor precuela, remake, copia o secuela: ;2019; Malcolm D. Lee; Holmes & Watson 
578;Premios Razzie ; Peor precuela, remake, copia o secuela: ;2018; LeBron James; Cincuenta sombras más oscuras 
579;Premios Razzie ; Peor precuela, remake, copia o secuela: ;2017; Sonequa Martin-Green; Batman v. Superman: El amanecer de la Justicia 
580;Premios Razzie ; Peor precuela, remake, copia o secuela: ;2016; Stephen Gaghan; Cuatro Fantásticos 
581;Premios Razzie ; Peor precuela, remake, copia o secuela: ;2015; Robert Downey Jr.; Annie 
582;Premios Razzie ; Peor precuela, remake, copia o secuela: ;2014; Antonio Banderas; El Llanero Solitario 
583;Premios Razzie ; Peor precuela, remake, copia o secuela: ;2013; Michael Sheen; La saga Crepúsculo: Amanecer - Parte 2 
584;Premios Razzie ; Peor precuela, remake, copia o secuela: ;2012; Adrian Grunberg; Jack y su gemela (Jack y Jill) 
585;Premios Razzie ; Peor precuela, remake, copia o secuela: ;2011; Sylvester Stallone; Sexo en Nueva York 2 
586;Premios Razzie ; Peor precuela, remake, copia o secuela: ;2010; Paz Vega; El mundo de los perdidos 
587;Premios Razzie ; Peor precuela, remake, copia o secuela: ;2009; Sergio Peris-Mencheta; Indiana Jones y el reino de la calavera de cristal 
